"Name","Language","ID","Number","Email","Version","Actions"
"Adeel Solangi","Sindhi","V59OF92YF627HFY0","'+1234567890","adeel.solangi@example.com","6.1",""
"Afzal Ghaffar","Sindhi","ENTOCR13RSCLZ6KU","'+0987654321","afzal.ghaffar@example.com","1.88",""
"Aamir Solangi","Sindhi","IAKPO3R4761JDRVG","'+1122334455","aamir.solangi@example.com","7.27",""
"Abla Dilmurat","Uyghur","5ZVOEPMJUI4MB4EN","'+5566778899","abla.dilmurat@example.com","2.53",""
"Adil Eli","Uyghur","6VTI8X6LL0MMPJCC","12354678","adil.eli@example.com","6.49",""
"Adile Qadir","Uyghur","F2KEU5L7EHYSYFTT","'+6789012345","adile.qadir@example.com","5.12",""
"Abdukerim Ibrahim","Uyghur","LO6DVTZLRK68528I","'+7890123456","abdukerim.ibrahim@example.com","4.45",""
"Adil Abro","Sindhi","LJRIULRNJFCNZJAJ","'+8901234567","adil.abro@example.com","8.34",""
"Ayesha Siddiqi","Sindhi","Y56JOP12NB34LMNO","'+2345678901","ayesha.siddiqi@example.com","2.79",""
"Khalid Ahmed","Sindhi","Z89QRS56TYU90OPQ","'+3456789012","khalid.ahmed@example.com","9.22",""
"Fatima Noor","Sindhi","H12JKL34MN56OPQR","'+4567890123","fatima.noor@example.com","3.67",""
"Ali Raza","Sindhi","G23VWX45YZ67ABCD","'+5678901234","ali.raza@example.com","4.12",""
"Hassan Javed","Uyghur","I34CDE56FG78HIJK","'+6789012345","hassan.javed@example.com","6.89",""
"Sara Khan","Uyghur","J45EFG67GH89JKLM","'+7890123456","sara.khan@example.com","5.53",""
"Omer Ahmed","Uyghur","K56FGH78IJ90NOPQ","'+8901234567","omer.ahmed@example.com","7.92",""
"Maya Farooq","Uyghur","L67HIJ89KL01OPQR","'+9012345678","maya.farooq@example.com","4.76",""
"Naveed Akhtar","Sindhi","M78JKL90MN12PQRS","'+0123456789","naveed.akhtar@example.com","3.44",""
"Sana Malik","Sindhi","N89KLM01NO23QRST","'+1234567890","sana.malik@example.com","8.11",""
"Imran Sheikh","Sindhi","O90LMN12OP34QRST","'+2345678901","imran.sheikh@example.com","2.94",""
"Rana Aslam","Uyghur","P01NOP23QR45STUV","'+3456789012","rana.aslam@example.com","5.29",""
"Zainab Abbas","Uyghur","Q12OPQ34RS56TUVW","'+4567890123","zainab.abbas@example.com","7.66",""
"Faisal Khan","Sindhi","R23PQR45ST67UVWX","'+5678901234","faisal.khan@example.com","6.88",""